filename,folder,filepath,relative_path,text_preview,sentiment,confidence,negative_prob,positive_prob
extraction_summary.txt,extracted_content,extracted_content/extraction_summary.txt,extraction_summary.txt,"PDF EXTRACTION SUMMARY REPORT
==================================================
Generated: 2025-07-...",negative,0.9906811118125916,0.9906811118125916,0.009318861179053783
Collection_Review__Women_s_Key_Items___Eyewear_A_W_24_25_en_text.txt,Collection_Review__Women_s_Key_Items___Eyewear_A_W_24_25_en,extracted_content/Collection_Review__Women_s_Key_Items___Eyewear_A_W_24_25_en/Collection_Review__Women_s_Key_Items___Eyewear_A_W_24_25_en_text.txt,Collection_Review__Women_s_Key_Items___Eyewear_A_W_24_25_en/Collection_Review__Women_s_Key_Items___Eyewear_A_W_24_25_en_text.txt,"==================================================
PAGE 1
==========================================...",negative,0.9670348763465881,0.9670348763465881,0.032965101301670074
Catwalk_Analytics__Action_Points_A_W_25_26_en (1)_text.txt,Catwalk_Analytics__Action_Points_A_W_25_26_en (1),extracted_content/Catwalk_Analytics__Action_Points_A_W_25_26_en (1)/Catwalk_Analytics__Action_Points_A_W_25_26_en (1)_text.txt,Catwalk_Analytics__Action_Points_A_W_25_26_en (1)/Catwalk_Analytics__Action_Points_A_W_25_26_en (1)_text.txt,"==================================================
PAGE 1
==========================================...",negative,0.9882363677024841,0.9882363677024841,0.01176364254206419
Catwalks__Women_s_Key_Items___Skirts_A_W_25_26_en_text.txt,Catwalks__Women_s_Key_Items___Skirts_A_W_25_26_en,extracted_content/Catwalks__Women_s_Key_Items___Skirts_A_W_25_26_en/Catwalks__Women_s_Key_Items___Skirts_A_W_25_26_en_text.txt,Catwalks__Women_s_Key_Items___Skirts_A_W_25_26_en/Catwalks__Women_s_Key_Items___Skirts_A_W_25_26_en_text.txt,"==================================================
PAGE 1
==========================================...",positive,0.8677498698234558,0.1322501301765442,0.8677498698234558
Catwalk_City_Analytics__Paris_Men_s_A_W_25_26_en_text.txt,Catwalk_City_Analytics__Paris_Men_s_A_W_25_26_en,extracted_content/Catwalk_City_Analytics__Paris_Men_s_A_W_25_26_en/Catwalk_City_Analytics__Paris_Men_s_A_W_25_26_en_text.txt,Catwalk_City_Analytics__Paris_Men_s_A_W_25_26_en/Catwalk_City_Analytics__Paris_Men_s_A_W_25_26_en_text.txt,"==================================================
PAGE 1
==========================================...",negative,0.8172498345375061,0.8172498345375061,0.1827501505613327
Catwalks__Women_s_Key_Items___Intimates___Loungewear_A_W_25_26_en_text.txt,Catwalks__Women_s_Key_Items___Intimates___Loungewear_A_W_25_26_en,extracted_content/Catwalks__Women_s_Key_Items___Intimates___Loungewear_A_W_25_26_en/Catwalks__Women_s_Key_Items___Intimates___Loungewear_A_W_25_26_en_text.txt,Catwalks__Women_s_Key_Items___Intimates___Loungewear_A_W_25_26_en/Catwalks__Women_s_Key_Items___Intimates___Loungewear_A_W_25_26_en_text.txt,"==================================================
PAGE 1
==========================================...",negative,0.995614767074585,0.995614767074585,0.004385170992463827
Collection_Review__Women_s_Key_Textiles_A_W_24_25_en_text.txt,Collection_Review__Women_s_Key_Textiles_A_W_24_25_en,extracted_content/Collection_Review__Women_s_Key_Textiles_A_W_24_25_en/Collection_Review__Women_s_Key_Textiles_A_W_24_25_en_text.txt,Collection_Review__Women_s_Key_Textiles_A_W_24_25_en/Collection_Review__Women_s_Key_Textiles_A_W_24_25_en_text.txt,"==================================================
PAGE 1
==========================================...",negative,0.9922713041305542,0.9922713041305542,0.00772874103859067
Catwalks__Women_s_Prints___Graphics_A_W_25_26_en_text.txt,Catwalks__Women_s_Prints___Graphics_A_W_25_26_en,extracted_content/Catwalks__Women_s_Prints___Graphics_A_W_25_26_en/Catwalks__Women_s_Prints___Graphics_A_W_25_26_en_text.txt,Catwalks__Women_s_Prints___Graphics_A_W_25_26_en/Catwalks__Women_s_Prints___Graphics_A_W_25_26_en_text.txt,"==================================================
PAGE 1
==========================================...",negative,0.9978171586990356,0.9978171586990356,0.0021828566677868366
Catwalks__Women_s_Key_Items___Bags_A_W_25_26_en_text.txt,Catwalks__Women_s_Key_Items___Bags_A_W_25_26_en,extracted_content/Catwalks__Women_s_Key_Items___Bags_A_W_25_26_en/Catwalks__Women_s_Key_Items___Bags_A_W_25_26_en_text.txt,Catwalks__Women_s_Key_Items___Bags_A_W_25_26_en/Catwalks__Women_s_Key_Items___Bags_A_W_25_26_en_text.txt,"==================================================
PAGE 1
==========================================...",negative,0.6920992136001587,0.6920992136001587,0.3079008162021637
Collection_Review__Women_s_Key_Items___Woven_Tops_A_W_24_25_en_text.txt,Collection_Review__Women_s_Key_Items___Woven_Tops_A_W_24_25_en,extracted_content/Collection_Review__Women_s_Key_Items___Woven_Tops_A_W_24_25_en/Collection_Review__Women_s_Key_Items___Woven_Tops_A_W_24_25_en_text.txt,Collection_Review__Women_s_Key_Items___Woven_Tops_A_W_24_25_en/Collection_Review__Women_s_Key_Items___Woven_Tops_A_W_24_25_en_text.txt,"==================================================
PAGE 1
==========================================...",negative,0.9976250529289246,0.9976250529289246,0.002374915173277259
Collection_Review__Key_Items___Girls__Apparel_A_W_24_25_en_text.txt,Collection_Review__Key_Items___Girls__Apparel_A_W_24_25_en,extracted_content/Collection_Review__Key_Items___Girls__Apparel_A_W_24_25_en/Collection_Review__Key_Items___Girls__Apparel_A_W_24_25_en_text.txt,Collection_Review__Key_Items___Girls__Apparel_A_W_24_25_en/Collection_Review__Key_Items___Girls__Apparel_A_W_24_25_en_text.txt,"==================================================
PAGE 1
==========================================...",positive,0.6611853241920471,0.3388146460056305,0.6611853241920471
Collection_Review__Key_Items___Girls__Footwear___Accessories_A_W_24_25_en_text.txt,Collection_Review__Key_Items___Girls__Footwear___Accessories_A_W_24_25_en,extracted_content/Collection_Review__Key_Items___Girls__Footwear___Accessories_A_W_24_25_en/Collection_Review__Key_Items___Girls__Footwear___Accessories_A_W_24_25_en_text.txt,Collection_Review__Key_Items___Girls__Footwear___Accessories_A_W_24_25_en/Collection_Review__Key_Items___Girls__Footwear___Accessories_A_W_24_25_en_text.txt,"==================================================
PAGE 1
==========================================...",positive,0.5779821872711182,0.42201781272888184,0.5779821872711182
Collection_Review__Men_s_Prints___Graphics_A_W_24_25_en_text.txt,Collection_Review__Men_s_Prints___Graphics_A_W_24_25_en,extracted_content/Collection_Review__Men_s_Prints___Graphics_A_W_24_25_en/Collection_Review__Men_s_Prints___Graphics_A_W_24_25_en_text.txt,Collection_Review__Men_s_Prints___Graphics_A_W_24_25_en/Collection_Review__Men_s_Prints___Graphics_A_W_24_25_en_text.txt,"==================================================
PAGE 1
==========================================...",negative,0.99470055103302,0.99470055103302,0.005299466196447611
New_York_Fashion_Week__Women_s_Need_to_Know_A_W_24_25_en_text.txt,New_York_Fashion_Week__Women_s_Need_to_Know_A_W_24_25_en,extracted_content/New_York_Fashion_Week__Women_s_Need_to_Know_A_W_24_25_en/New_York_Fashion_Week__Women_s_Need_to_Know_A_W_24_25_en_text.txt,New_York_Fashion_Week__Women_s_Need_to_Know_A_W_24_25_en/New_York_Fashion_Week__Women_s_Need_to_Know_A_W_24_25_en_text.txt,"==================================================
PAGE 1
==========================================...",negative,0.9967108964920044,0.9967108964920044,0.003289048559963703
Catwalk_City_Analytics__New_York_Women_s_A_W_25_26__en_text.txt,Catwalk_City_Analytics__New_York_Women_s_A_W_25_26__en,extracted_content/Catwalk_City_Analytics__New_York_Women_s_A_W_25_26__en/Catwalk_City_Analytics__New_York_Women_s_A_W_25_26__en_text.txt,Catwalk_City_Analytics__New_York_Women_s_A_W_25_26__en/Catwalk_City_Analytics__New_York_Women_s_A_W_25_26__en_text.txt,"==================================================
PAGE 1
==========================================...",negative,0.6580836176872253,0.6580836176872253,0.34191638231277466
Collection_Review__Women_s_Key_Trims___Details_A_W_24_25_en_text.txt,Collection_Review__Women_s_Key_Trims___Details_A_W_24_25_en,extracted_content/Collection_Review__Women_s_Key_Trims___Details_A_W_24_25_en/Collection_Review__Women_s_Key_Trims___Details_A_W_24_25_en_text.txt,Collection_Review__Women_s_Key_Trims___Details_A_W_24_25_en/Collection_Review__Women_s_Key_Trims___Details_A_W_24_25_en_text.txt,"==================================================
PAGE 1
==========================================...",negative,0.9952115416526794,0.9952115416526794,0.004788524936884642
Collection_Review__Key_Items___Women_s_Jackets___Outerwear_A_W_24_25_en_text.txt,Collection_Review__Key_Items___Women_s_Jackets___Outerwear_A_W_24_25_en,extracted_content/Collection_Review__Key_Items___Women_s_Jackets___Outerwear_A_W_24_25_en/Collection_Review__Key_Items___Women_s_Jackets___Outerwear_A_W_24_25_en_text.txt,Collection_Review__Key_Items___Women_s_Jackets___Outerwear_A_W_24_25_en/Collection_Review__Key_Items___Women_s_Jackets___Outerwear_A_W_24_25_en_text.txt,"==================================================
PAGE 1
==========================================...",negative,0.9919862747192383,0.9919862747192383,0.008013691753149033
Collection_Review__Women_s_Key_Items___Footwear_A_W_24_25_en_text.txt,Collection_Review__Women_s_Key_Items___Footwear_A_W_24_25_en,extracted_content/Collection_Review__Women_s_Key_Items___Footwear_A_W_24_25_en/Collection_Review__Women_s_Key_Items___Footwear_A_W_24_25_en_text.txt,Collection_Review__Women_s_Key_Items___Footwear_A_W_24_25_en/Collection_Review__Women_s_Key_Items___Footwear_A_W_24_25_en_text.txt,"==================================================
PAGE 1
==========================================...",negative,0.9932873845100403,0.9932873845100403,0.006712635979056358
Catwalks__Women_s_Key_Items___Jackets___Outerwear_A_W_25_26_en_text.txt,Catwalks__Women_s_Key_Items___Jackets___Outerwear_A_W_25_26_en,extracted_content/Catwalks__Women_s_Key_Items___Jackets___Outerwear_A_W_25_26_en/Catwalks__Women_s_Key_Items___Jackets___Outerwear_A_W_25_26_en_text.txt,Catwalks__Women_s_Key_Items___Jackets___Outerwear_A_W_25_26_en/Catwalks__Women_s_Key_Items___Jackets___Outerwear_A_W_25_26_en_text.txt,"==================================================
PAGE 1
==========================================...",negative,0.6323785781860352,0.6323785781860352,0.36762139201164246
Catwalks__Men_s_Denim_Wash___Finish_A_W_25_26_en_text.txt,Catwalks__Men_s_Denim_Wash___Finish_A_W_25_26_en,extracted_content/Catwalks__Men_s_Denim_Wash___Finish_A_W_25_26_en/Catwalks__Men_s_Denim_Wash___Finish_A_W_25_26_en_text.txt,Catwalks__Men_s_Denim_Wash___Finish_A_W_25_26_en/Catwalks__Men_s_Denim_Wash___Finish_A_W_25_26_en_text.txt,"==================================================
PAGE 1
==========================================...",positive,0.9686012864112854,0.031398750841617584,0.9686012864112854
Catwalks__Women_s_Key_Items___Shirts___Woven_Tops_A_W_25_26_en_text.txt,Catwalks__Women_s_Key_Items___Shirts___Woven_Tops_A_W_25_26_en,extracted_content/Catwalks__Women_s_Key_Items___Shirts___Woven_Tops_A_W_25_26_en/Catwalks__Women_s_Key_Items___Shirts___Woven_Tops_A_W_25_26_en_text.txt,Catwalks__Women_s_Key_Items___Shirts___Woven_Tops_A_W_25_26_en/Catwalks__Women_s_Key_Items___Shirts___Woven_Tops_A_W_25_26_en_text.txt,"==================================================
PAGE 1
==========================================...",negative,0.6279179453849792,0.6279179453849792,0.37208205461502075
Catwalk_Analytics__Topweights_A_W_24_25_en_text.txt,Catwalk_Analytics__Topweights_A_W_24_25_en,extracted_content/Catwalk_Analytics__Topweights_A_W_24_25_en/Catwalk_Analytics__Topweights_A_W_24_25_en_text.txt,Catwalk_Analytics__Topweights_A_W_24_25_en/Catwalk_Analytics__Topweights_A_W_24_25_en_text.txt,"==================================================
PAGE 1
==========================================...",negative,0.9908776879310608,0.9908776879310608,0.009122335352003574
___Collection_Review__Men_s_Key_Trims___Details_A_W_24_25_en_text.txt,___Collection_Review__Men_s_Key_Trims___Details_A_W_24_25_en,extracted_content/___Collection_Review__Men_s_Key_Trims___Details_A_W_24_25_en/___Collection_Review__Men_s_Key_Trims___Details_A_W_24_25_en_text.txt,___Collection_Review__Men_s_Key_Trims___Details_A_W_24_25_en/___Collection_Review__Men_s_Key_Trims___Details_A_W_24_25_en_text.txt,"==================================================
PAGE 1
==========================================...",negative,0.9934889078140259,0.9934889078140259,0.006511098239570856
Catwalks__Women__Key_Items___Evening___Special_Occasion_A_W_25_26_en_text.txt,Catwalks__Women__Key_Items___Evening___Special_Occasion_A_W_25_26_en,extracted_content/Catwalks__Women__Key_Items___Evening___Special_Occasion_A_W_25_26_en/Catwalks__Women__Key_Items___Evening___Special_Occasion_A_W_25_26_en_text.txt,Catwalks__Women__Key_Items___Evening___Special_Occasion_A_W_25_26_en/Catwalks__Women__Key_Items___Evening___Special_Occasion_A_W_25_26_en_text.txt,"==================================================
PAGE 1
==========================================...",negative,0.9936322569847107,0.9936322569847107,0.006367787253111601
Catwalks__Women_s_Key_Items___Suits___Sets_A_W_25_26_en_text.txt,Catwalks__Women_s_Key_Items___Suits___Sets_A_W_25_26_en,extracted_content/Catwalks__Women_s_Key_Items___Suits___Sets_A_W_25_26_en/Catwalks__Women_s_Key_Items___Suits___Sets_A_W_25_26_en_text.txt,Catwalks__Women_s_Key_Items___Suits___Sets_A_W_25_26_en/Catwalks__Women_s_Key_Items___Suits___Sets_A_W_25_26_en_text.txt,"==================================================
PAGE 1
==========================================...",negative,0.9921247363090515,0.9921247363090515,0.007875223644077778
Milan_Fashion_Week__Men_s_Need_to_Know_A_W_24_25_en_text.txt,Milan_Fashion_Week__Men_s_Need_to_Know_A_W_24_25_en,extracted_content/Milan_Fashion_Week__Men_s_Need_to_Know_A_W_24_25_en/Milan_Fashion_Week__Men_s_Need_to_Know_A_W_24_25_en_text.txt,Milan_Fashion_Week__Men_s_Need_to_Know_A_W_24_25_en/Milan_Fashion_Week__Men_s_Need_to_Know_A_W_24_25_en_text.txt,"==================================================
PAGE 1
==========================================...",negative,0.9918901920318604,0.9918901920318604,0.008109839633107185
Catwalks__Men_s_Key_Trends_A_W_25_26_en_text.txt,Catwalks__Men_s_Key_Trends_A_W_25_26_en,extracted_content/Catwalks__Men_s_Key_Trends_A_W_25_26_en/Catwalks__Men_s_Key_Trends_A_W_25_26_en_text.txt,Catwalks__Men_s_Key_Trends_A_W_25_26_en/Catwalks__Men_s_Key_Trends_A_W_25_26_en_text.txt,"==================================================
PAGE 1
==========================================...",negative,0.9956222176551819,0.9956222176551819,0.0043777283281087875
Collection_Review___Men_s_Denim_Wash___Finish_A_W_24_25_en_text.txt,Collection_Review___Men_s_Denim_Wash___Finish_A_W_24_25_en,extracted_content/Collection_Review___Men_s_Denim_Wash___Finish_A_W_24_25_en/Collection_Review___Men_s_Denim_Wash___Finish_A_W_24_25_en_text.txt,Collection_Review___Men_s_Denim_Wash___Finish_A_W_24_25_en/Collection_Review___Men_s_Denim_Wash___Finish_A_W_24_25_en_text.txt,"==================================================
PAGE 1
==========================================...",negative,0.9950992465019226,0.9950992465019226,0.00490071764215827
Catwalk_Analytics__Denim_A_W_25_26_en_text.txt,Catwalk_Analytics__Denim_A_W_25_26_en,extracted_content/Catwalk_Analytics__Denim_A_W_25_26_en/Catwalk_Analytics__Denim_A_W_25_26_en_text.txt,Catwalk_Analytics__Denim_A_W_25_26_en/Catwalk_Analytics__Denim_A_W_25_26_en_text.txt,"==================================================
PAGE 1
==========================================...",negative,0.9980341792106628,0.9980341792106628,0.0019658119417726994
Catwalk_Analytics__Chase_Strategies_A_W_24_25_en_text.txt,Catwalk_Analytics__Chase_Strategies_A_W_24_25_en,extracted_content/Catwalk_Analytics__Chase_Strategies_A_W_24_25_en/Catwalk_Analytics__Chase_Strategies_A_W_24_25_en_text.txt,Catwalk_Analytics__Chase_Strategies_A_W_24_25_en/Catwalk_Analytics__Chase_Strategies_A_W_24_25_en_text.txt,"==================================================
PAGE 1
==========================================...",negative,0.9972710013389587,0.9972710013389587,0.002728946739807725
Collection_Review__Women_s_Denim_Wash___Finish_A_W_24_25_en_text.txt,Collection_Review__Women_s_Denim_Wash___Finish_A_W_24_25_en,extracted_content/Collection_Review__Women_s_Denim_Wash___Finish_A_W_24_25_en/Collection_Review__Women_s_Denim_Wash___Finish_A_W_24_25_en_text.txt,Collection_Review__Women_s_Denim_Wash___Finish_A_W_24_25_en/Collection_Review__Women_s_Denim_Wash___Finish_A_W_24_25_en_text.txt,"==================================================
PAGE 1
==========================================...",negative,0.986615777015686,0.986615777015686,0.013384212739765644
Catwalks__Women_s_APAC_Key_Trends_A_W_25_26_en_text.txt,Catwalks__Women_s_APAC_Key_Trends_A_W_25_26_en,extracted_content/Catwalks__Women_s_APAC_Key_Trends_A_W_25_26_en/Catwalks__Women_s_APAC_Key_Trends_A_W_25_26_en_text.txt,Catwalks__Women_s_APAC_Key_Trends_A_W_25_26_en/Catwalks__Women_s_APAC_Key_Trends_A_W_25_26_en_text.txt,"==================================================
PAGE 1
==========================================...",negative,0.9220433235168457,0.9220433235168457,0.07795675098896027
Catwalks__Women_s_Key_Items___Jewellery_A_W_25_26_en_text.txt,Catwalks__Women_s_Key_Items___Jewellery_A_W_25_26_en,extracted_content/Catwalks__Women_s_Key_Items___Jewellery_A_W_25_26_en/Catwalks__Women_s_Key_Items___Jewellery_A_W_25_26_en_text.txt,Catwalks__Women_s_Key_Items___Jewellery_A_W_25_26_en/Catwalks__Women_s_Key_Items___Jewellery_A_W_25_26_en_text.txt,"==================================================
PAGE 1
==========================================...",negative,0.7153195142745972,0.7153195142745972,0.28468048572540283
London_Fashion_Week__Women_s_Need_to_Know_A_W_24_25_en_text.txt,London_Fashion_Week__Women_s_Need_to_Know_A_W_24_25_en,extracted_content/London_Fashion_Week__Women_s_Need_to_Know_A_W_24_25_en/London_Fashion_Week__Women_s_Need_to_Know_A_W_24_25_en_text.txt,London_Fashion_Week__Women_s_Need_to_Know_A_W_24_25_en/London_Fashion_Week__Women_s_Need_to_Know_A_W_24_25_en_text.txt,"==================================================
PAGE 1
==========================================...",negative,0.9960272312164307,0.9960272312164307,0.003972826525568962
Catwalks__Men_s_Key_Trims___Details_A_W_25_26_en_text.txt,Catwalks__Men_s_Key_Trims___Details_A_W_25_26_en,extracted_content/Catwalks__Men_s_Key_Trims___Details_A_W_25_26_en/Catwalks__Men_s_Key_Trims___Details_A_W_25_26_en_text.txt,Catwalks__Men_s_Key_Trims___Details_A_W_25_26_en/Catwalks__Men_s_Key_Trims___Details_A_W_25_26_en_text.txt,"==================================================
PAGE 1
==========================================...",negative,0.9845587611198425,0.9845587611198425,0.015441244468092918
Catwalks__Women_s_Key_Trends_A_W_25_26_en_text.txt,Catwalks__Women_s_Key_Trends_A_W_25_26_en,extracted_content/Catwalks__Women_s_Key_Trends_A_W_25_26_en/Catwalks__Women_s_Key_Trends_A_W_25_26_en_text.txt,Catwalks__Women_s_Key_Trends_A_W_25_26_en/Catwalks__Women_s_Key_Trends_A_W_25_26_en_text.txt,"==================================================
PAGE 1
==========================================...",negative,0.9890522360801697,0.9890522360801697,0.010947798378765583
Catwalks__Men_s_Knitwear_Stitch___Pattern_A_W_25_26_en_text.txt,Catwalks__Men_s_Knitwear_Stitch___Pattern_A_W_25_26_en,extracted_content/Catwalks__Men_s_Knitwear_Stitch___Pattern_A_W_25_26_en/Catwalks__Men_s_Knitwear_Stitch___Pattern_A_W_25_26_en_text.txt,Catwalks__Men_s_Knitwear_Stitch___Pattern_A_W_25_26_en/Catwalks__Men_s_Knitwear_Stitch___Pattern_A_W_25_26_en_text.txt,"==================================================
PAGE 1
==========================================...",negative,0.6075805425643921,0.6075805425643921,0.3924195170402527
Catwalks__Women_s_Colour_A_W_25_26_en_text.txt,Catwalks__Women_s_Colour_A_W_25_26_en,extracted_content/Catwalks__Women_s_Colour_A_W_25_26_en/Catwalks__Women_s_Colour_A_W_25_26_en_text.txt,Catwalks__Women_s_Colour_A_W_25_26_en/Catwalks__Women_s_Colour_A_W_25_26_en_text.txt,"==================================================
PAGE 1
==========================================...",positive,0.981357216835022,0.018642805516719818,0.981357216835022
Paris_Fashion_Week__Men_s_Need_to_Know_A_W_24_25_en_text.txt,Paris_Fashion_Week__Men_s_Need_to_Know_A_W_24_25_en,extracted_content/Paris_Fashion_Week__Men_s_Need_to_Know_A_W_24_25_en/Paris_Fashion_Week__Men_s_Need_to_Know_A_W_24_25_en_text.txt,Paris_Fashion_Week__Men_s_Need_to_Know_A_W_24_25_en/Paris_Fashion_Week__Men_s_Need_to_Know_A_W_24_25_en_text.txt,"==================================================
PAGE 1
==========================================...",negative,0.9944762587547302,0.9944762587547302,0.005523697938770056
Catwalks__Women_s_Key_Items___Footwear_A_W_25_26_en_text.txt,Catwalks__Women_s_Key_Items___Footwear_A_W_25_26_en,extracted_content/Catwalks__Women_s_Key_Items___Footwear_A_W_25_26_en/Catwalks__Women_s_Key_Items___Footwear_A_W_25_26_en_text.txt,Catwalks__Women_s_Key_Items___Footwear_A_W_25_26_en/Catwalks__Women_s_Key_Items___Footwear_A_W_25_26_en_text.txt,"==================================================
PAGE 1
==========================================...",negative,0.9356945157051086,0.9356945157051086,0.06430550664663315
Collection_Review__Key_Items___Men_s_Eyewear_A_W_24_25_en_text.txt,Collection_Review__Key_Items___Men_s_Eyewear_A_W_24_25_en,extracted_content/Collection_Review__Key_Items___Men_s_Eyewear_A_W_24_25_en/Collection_Review__Key_Items___Men_s_Eyewear_A_W_24_25_en_text.txt,Collection_Review__Key_Items___Men_s_Eyewear_A_W_24_25_en/Collection_Review__Key_Items___Men_s_Eyewear_A_W_24_25_en_text.txt,"==================================================
PAGE 1
==========================================...",negative,0.9938099980354309,0.9938099980354309,0.00618998846039176
Collection_Review__Key_Items___Women_s_Evening___Special_Occasion_A_W_24_25_en_text.txt,Collection_Review__Key_Items___Women_s_Evening___Special_Occasion_A_W_24_25_en,extracted_content/Collection_Review__Key_Items___Women_s_Evening___Special_Occasion_A_W_24_25_en/Collection_Review__Key_Items___Women_s_Evening___Special_Occasion_A_W_24_25_en_text.txt,Collection_Review__Key_Items___Women_s_Evening___Special_Occasion_A_W_24_25_en/Collection_Review__Key_Items___Women_s_Evening___Special_Occasion_A_W_24_25_en_text.txt,"==================================================
PAGE 1
==========================================...",positive,0.9169028997421265,0.08309715241193771,0.9169028997421265
Catwalks__Men_s_Key_Items___Trousers___Shorts_A_W_25_26_en_text.txt,Catwalks__Men_s_Key_Items___Trousers___Shorts_A_W_25_26_en,extracted_content/Catwalks__Men_s_Key_Items___Trousers___Shorts_A_W_25_26_en/Catwalks__Men_s_Key_Items___Trousers___Shorts_A_W_25_26_en_text.txt,Catwalks__Men_s_Key_Items___Trousers___Shorts_A_W_25_26_en/Catwalks__Men_s_Key_Items___Trousers___Shorts_A_W_25_26_en_text.txt,"==================================================
PAGE 1
==========================================...",negative,0.995022177696228,0.995022177696228,0.004977799020707607
Catwalk_City_Analytics__London_Men_s_A_W_25_26_en_text.txt,Catwalk_City_Analytics__London_Men_s_A_W_25_26_en,extracted_content/Catwalk_City_Analytics__London_Men_s_A_W_25_26_en/Catwalk_City_Analytics__London_Men_s_A_W_25_26_en_text.txt,Catwalk_City_Analytics__London_Men_s_A_W_25_26_en/Catwalk_City_Analytics__London_Men_s_A_W_25_26_en_text.txt,"==================================================
PAGE 1
==========================================...",positive,0.9738034605979919,0.026196518912911415,0.9738034605979919
Collection_Review__Key_Items___Women_s_Suits___Sets_A_W_24_25_en_text.txt,Collection_Review__Key_Items___Women_s_Suits___Sets_A_W_24_25_en,extracted_content/Collection_Review__Key_Items___Women_s_Suits___Sets_A_W_24_25_en/Collection_Review__Key_Items___Women_s_Suits___Sets_A_W_24_25_en_text.txt,Collection_Review__Key_Items___Women_s_Suits___Sets_A_W_24_25_en/Collection_Review__Key_Items___Women_s_Suits___Sets_A_W_24_25_en_text.txt,"==================================================
PAGE 1
==========================================...",negative,0.9952768087387085,0.9952768087387085,0.004723140969872475
Collection_Review__Key_Items___Women_s_Jewellery_A_W_24_25_en_text.txt,Collection_Review__Key_Items___Women_s_Jewellery_A_W_24_25_en,extracted_content/Collection_Review__Key_Items___Women_s_Jewellery_A_W_24_25_en/Collection_Review__Key_Items___Women_s_Jewellery_A_W_24_25_en_text.txt,Collection_Review__Key_Items___Women_s_Jewellery_A_W_24_25_en/Collection_Review__Key_Items___Women_s_Jewellery_A_W_24_25_en_text.txt,"==================================================
PAGE 1
==========================================...",negative,0.85547935962677,0.85547935962677,0.14452071487903595
Catwalk_Analytics__Print_A_W_24_25_en_text.txt,Catwalk_Analytics__Print_A_W_24_25_en,extracted_content/Catwalk_Analytics__Print_A_W_24_25_en/Catwalk_Analytics__Print_A_W_24_25_en_text.txt,Catwalk_Analytics__Print_A_W_24_25_en/Catwalk_Analytics__Print_A_W_24_25_en_text.txt,"==================================================
PAGE 1
==========================================...",negative,0.997490644454956,0.997490644454956,0.002509373938664794
Collection_Review__Men_s_Key_Textiles_A_W_25_26_en_text.txt,Collection_Review__Men_s_Key_Textiles_A_W_25_26_en,extracted_content/Collection_Review__Men_s_Key_Textiles_A_W_25_26_en/Collection_Review__Men_s_Key_Textiles_A_W_25_26_en_text.txt,Collection_Review__Men_s_Key_Textiles_A_W_25_26_en/Collection_Review__Men_s_Key_Textiles_A_W_25_26_en_text.txt,"==================================================
PAGE 1
==========================================...",negative,0.9911637306213379,0.9911637306213379,0.00883624330163002
London_Fashion_Week__Men_s_Need_to_Know_A_W_24_25_en_text.txt,London_Fashion_Week__Men_s_Need_to_Know_A_W_24_25_en,extracted_content/London_Fashion_Week__Men_s_Need_to_Know_A_W_24_25_en/London_Fashion_Week__Men_s_Need_to_Know_A_W_24_25_en_text.txt,London_Fashion_Week__Men_s_Need_to_Know_A_W_24_25_en/London_Fashion_Week__Men_s_Need_to_Know_A_W_24_25_en_text.txt,"==================================================
PAGE 1
==========================================...",negative,0.997333288192749,0.997333288192749,0.002666737651452422
Catwalks__Men_s_Key_Items___Shirts___Woven_Tops_A_W_25_26_en_text.txt,Catwalks__Men_s_Key_Items___Shirts___Woven_Tops_A_W_25_26_en,extracted_content/Catwalks__Men_s_Key_Items___Shirts___Woven_Tops_A_W_25_26_en/Catwalks__Men_s_Key_Items___Shirts___Woven_Tops_A_W_25_26_en_text.txt,Catwalks__Men_s_Key_Items___Shirts___Woven_Tops_A_W_25_26_en/Catwalks__Men_s_Key_Items___Shirts___Woven_Tops_A_W_25_26_en_text.txt,"==================================================
PAGE 1
==========================================...",negative,0.7588105201721191,0.7588105201721191,0.24118943512439728
Collection_Review__Women_s_Colour_A_W_24_25_en_text.txt,Collection_Review__Women_s_Colour_A_W_24_25_en,extracted_content/Collection_Review__Women_s_Colour_A_W_24_25_en/Collection_Review__Women_s_Colour_A_W_24_25_en_text.txt,Collection_Review__Women_s_Colour_A_W_24_25_en/Collection_Review__Women_s_Colour_A_W_24_25_en_text.txt,"==================================================
PAGE 1
==========================================...",positive,0.5066820383071899,0.49331793189048767,0.5066820383071899
Collection_Review__Women_s_Key_Items___Soft_Accessories_A_W_24_25_en_text.txt,Collection_Review__Women_s_Key_Items___Soft_Accessories_A_W_24_25_en,extracted_content/Collection_Review__Women_s_Key_Items___Soft_Accessories_A_W_24_25_en/Collection_Review__Women_s_Key_Items___Soft_Accessories_A_W_24_25_en_text.txt,Collection_Review__Women_s_Key_Items___Soft_Accessories_A_W_24_25_en/Collection_Review__Women_s_Key_Items___Soft_Accessories_A_W_24_25_en_text.txt,"==================================================
PAGE 1
==========================================...",negative,0.9852723479270935,0.9852723479270935,0.014727644622325897
Catwalk_City_Analytics__Milan_Women_s_A_W_25_26_en_text.txt,Catwalk_City_Analytics__Milan_Women_s_A_W_25_26_en,extracted_content/Catwalk_City_Analytics__Milan_Women_s_A_W_25_26_en/Catwalk_City_Analytics__Milan_Women_s_A_W_25_26_en_text.txt,Catwalk_City_Analytics__Milan_Women_s_A_W_25_26_en/Catwalk_City_Analytics__Milan_Women_s_A_W_25_26_en_text.txt,"==================================================
PAGE 1
==========================================...",negative,0.9854357838630676,0.9854357838630676,0.014564198441803455
Paris_Fashion_Week__Women_s_Need_to_Know_A_W_24_25_en_text.txt,Paris_Fashion_Week__Women_s_Need_to_Know_A_W_24_25_en,extracted_content/Paris_Fashion_Week__Women_s_Need_to_Know_A_W_24_25_en/Paris_Fashion_Week__Women_s_Need_to_Know_A_W_24_25_en_text.txt,Paris_Fashion_Week__Women_s_Need_to_Know_A_W_24_25_en/Paris_Fashion_Week__Women_s_Need_to_Know_A_W_24_25_en_text.txt,"==================================================
PAGE 1
==========================================...",negative,0.9964179992675781,0.9964179992675781,0.0035820193588733673
Catwalks__Women_s_Materials___Details___Intimates___Loungewear_A_W_25_26_en_text.txt,Catwalks__Women_s_Materials___Details___Intimates___Loungewear_A_W_25_26_en,extracted_content/Catwalks__Women_s_Materials___Details___Intimates___Loungewear_A_W_25_26_en/Catwalks__Women_s_Materials___Details___Intimates___Loungewear_A_W_25_26_en_text.txt,Catwalks__Women_s_Materials___Details___Intimates___Loungewear_A_W_25_26_en/Catwalks__Women_s_Materials___Details___Intimates___Loungewear_A_W_25_26_en_text.txt,"==================================================
PAGE 1
==========================================...",negative,0.9554028511047363,0.9554028511047363,0.044597167521715164
Collection_Review__Key_Items___Men_s_Jackets___Outerwear_A_W_24_25_en_text.txt,Collection_Review__Key_Items___Men_s_Jackets___Outerwear_A_W_24_25_en,extracted_content/Collection_Review__Key_Items___Men_s_Jackets___Outerwear_A_W_24_25_en/Collection_Review__Key_Items___Men_s_Jackets___Outerwear_A_W_24_25_en_text.txt,Collection_Review__Key_Items___Men_s_Jackets___Outerwear_A_W_24_25_en/Collection_Review__Key_Items___Men_s_Jackets___Outerwear_A_W_24_25_en_text.txt,"==================================================
PAGE 1
==========================================...",negative,0.896091878414154,0.896091878414154,0.10390810668468475
Catwalks__Women_s_Key_Items___Dresses_A_W_25_26_en_text.txt,Catwalks__Women_s_Key_Items___Dresses_A_W_25_26_en,extracted_content/Catwalks__Women_s_Key_Items___Dresses_A_W_25_26_en/Catwalks__Women_s_Key_Items___Dresses_A_W_25_26_en_text.txt,Catwalks__Women_s_Key_Items___Dresses_A_W_25_26_en/Catwalks__Women_s_Key_Items___Dresses_A_W_25_26_en_text.txt,"==================================================
PAGE 1
==========================================...",negative,0.890562891960144,0.890562891960144,0.10943715274333954
Catwalks__Women_s_Key_Textiles_A_W_25_26_en_text.txt,Catwalks__Women_s_Key_Textiles_A_W_25_26_en,extracted_content/Catwalks__Women_s_Key_Textiles_A_W_25_26_en/Catwalks__Women_s_Key_Textiles_A_W_25_26_en_text.txt,Catwalks__Women_s_Key_Textiles_A_W_25_26_en/Catwalks__Women_s_Key_Textiles_A_W_25_26_en_text.txt,"==================================================
PAGE 1
==========================================...",negative,0.9292086958885193,0.9292086958885193,0.07079128921031952
Catwalk_City_Analytics__Paris_Women_s_A_W_25_26_en_text.txt,Catwalk_City_Analytics__Paris_Women_s_A_W_25_26_en,extracted_content/Catwalk_City_Analytics__Paris_Women_s_A_W_25_26_en/Catwalk_City_Analytics__Paris_Women_s_A_W_25_26_en_text.txt,Catwalk_City_Analytics__Paris_Women_s_A_W_25_26_en/Catwalk_City_Analytics__Paris_Women_s_A_W_25_26_en_text.txt,"==================================================
PAGE 1
==========================================...",positive,0.7130133509635925,0.2869865894317627,0.7130133509635925
Catwalks__Men_s_Key_Items___Eyewear_A_W_25_26_en_text.txt,Catwalks__Men_s_Key_Items___Eyewear_A_W_25_26_en,extracted_content/Catwalks__Men_s_Key_Items___Eyewear_A_W_25_26_en/Catwalks__Men_s_Key_Items___Eyewear_A_W_25_26_en_text.txt,Catwalks__Men_s_Key_Items___Eyewear_A_W_25_26_en/Catwalks__Men_s_Key_Items___Eyewear_A_W_25_26_en_text.txt,"==================================================
PAGE 1
==========================================...",negative,0.7192266583442688,0.7192266583442688,0.280773401260376
Catwalk_Analytics__Action_Points_A_W_24_25__en_text.txt,Catwalk_Analytics__Action_Points_A_W_24_25__en,extracted_content/Catwalk_Analytics__Action_Points_A_W_24_25__en/Catwalk_Analytics__Action_Points_A_W_24_25__en_text.txt,Catwalk_Analytics__Action_Points_A_W_24_25__en/Catwalk_Analytics__Action_Points_A_W_24_25__en_text.txt,"==================================================
PAGE 1
==========================================...",negative,0.9973729848861694,0.9973729848861694,0.002627007197588682
Collection_Review__Key_Items___Men_s_Tailoring_A_W_24_25_en_text.txt,Collection_Review__Key_Items___Men_s_Tailoring_A_W_24_25_en,extracted_content/Collection_Review__Key_Items___Men_s_Tailoring_A_W_24_25_en/Collection_Review__Key_Items___Men_s_Tailoring_A_W_24_25_en_text.txt,Collection_Review__Key_Items___Men_s_Tailoring_A_W_24_25_en/Collection_Review__Key_Items___Men_s_Tailoring_A_W_24_25_en_text.txt,"==================================================
PAGE 1
==========================================...",negative,0.9842543601989746,0.9842543601989746,0.01574559696018696
Catwalk_Analytics__Jackets___Coats_A_W_25_26_en_text.txt,Catwalk_Analytics__Jackets___Coats_A_W_25_26_en,extracted_content/Catwalk_Analytics__Jackets___Coats_A_W_25_26_en/Catwalk_Analytics__Jackets___Coats_A_W_25_26_en_text.txt,Catwalk_Analytics__Jackets___Coats_A_W_25_26_en/Catwalk_Analytics__Jackets___Coats_A_W_25_26_en_text.txt,"==================================================
PAGE 1
==========================================...",negative,0.9988420605659485,0.9988420605659485,0.0011579158017411828
Catwalks__Women_s_Footwear___Bags_Colour_A_W_25_26_en_text.txt,Catwalks__Women_s_Footwear___Bags_Colour_A_W_25_26_en,extracted_content/Catwalks__Women_s_Footwear___Bags_Colour_A_W_25_26_en/Catwalks__Women_s_Footwear___Bags_Colour_A_W_25_26_en_text.txt,Catwalks__Women_s_Footwear___Bags_Colour_A_W_25_26_en/Catwalks__Women_s_Footwear___Bags_Colour_A_W_25_26_en_text.txt,"==================================================
PAGE 1
==========================================...",positive,0.9099101424217224,0.09008985012769699,0.9099101424217224
Collection_Review__Key_Items___Men_s_Bags_A_W_24_25_en_text.txt,Collection_Review__Key_Items___Men_s_Bags_A_W_24_25_en,extracted_content/Collection_Review__Key_Items___Men_s_Bags_A_W_24_25_en/Collection_Review__Key_Items___Men_s_Bags_A_W_24_25_en_text.txt,Collection_Review__Key_Items___Men_s_Bags_A_W_24_25_en/Collection_Review__Key_Items___Men_s_Bags_A_W_24_25_en_text.txt,"==================================================
PAGE 1
==========================================...",negative,0.9915094375610352,0.9915094375610352,0.008490556851029396
Milan_Fashion_Week__Women_s_Need_to_Know_A_W_24_25_en_text.txt,Milan_Fashion_Week__Women_s_Need_to_Know_A_W_24_25_en,extracted_content/Milan_Fashion_Week__Women_s_Need_to_Know_A_W_24_25_en/Milan_Fashion_Week__Women_s_Need_to_Know_A_W_24_25_en_text.txt,Milan_Fashion_Week__Women_s_Need_to_Know_A_W_24_25_en/Milan_Fashion_Week__Women_s_Need_to_Know_A_W_24_25_en_text.txt,"==================================================
PAGE 1
==========================================...",negative,0.9965582489967346,0.9965582489967346,0.0034417426213622093
Catwalks__Women_s_Key_Items___Knitwear_A_W_25_26_en_text.txt,Catwalks__Women_s_Key_Items___Knitwear_A_W_25_26_en,extracted_content/Catwalks__Women_s_Key_Items___Knitwear_A_W_25_26_en/Catwalks__Women_s_Key_Items___Knitwear_A_W_25_26_en_text.txt,Catwalks__Women_s_Key_Items___Knitwear_A_W_25_26_en/Catwalks__Women_s_Key_Items___Knitwear_A_W_25_26_en_text.txt,"==================================================
PAGE 1
==========================================...",negative,0.5951904058456421,0.5951904058456421,0.4048095643520355
Collection_Review__Women_s_Key_Items___Soft_Accessories_A_W_24_25_en (1)_text.txt,Collection_Review__Women_s_Key_Items___Soft_Accessories_A_W_24_25_en (1),extracted_content/Collection_Review__Women_s_Key_Items___Soft_Accessories_A_W_24_25_en (1)/Collection_Review__Women_s_Key_Items___Soft_Accessories_A_W_24_25_en (1)_text.txt,Collection_Review__Women_s_Key_Items___Soft_Accessories_A_W_24_25_en (1)/Collection_Review__Women_s_Key_Items___Soft_Accessories_A_W_24_25_en (1)_text.txt,"==================================================
PAGE 1
==========================================...",negative,0.9852723479270935,0.9852723479270935,0.014727644622325897
Catwalks__Women_s_Key_Trims___Details_A_W_25_26_en_text.txt,Catwalks__Women_s_Key_Trims___Details_A_W_25_26_en,extracted_content/Catwalks__Women_s_Key_Trims___Details_A_W_25_26_en/Catwalks__Women_s_Key_Trims___Details_A_W_25_26_en_text.txt,Catwalks__Women_s_Key_Trims___Details_A_W_25_26_en/Catwalks__Women_s_Key_Trims___Details_A_W_25_26_en_text.txt,"==================================================
PAGE 1
==========================================...",negative,0.9909507036209106,0.9909507036209106,0.009049249812960625
Catwalks__Men_s_Key_Items___Cut___Sew_A_W_25_26_en_text.txt,Catwalks__Men_s_Key_Items___Cut___Sew_A_W_25_26_en,extracted_content/Catwalks__Men_s_Key_Items___Cut___Sew_A_W_25_26_en/Catwalks__Men_s_Key_Items___Cut___Sew_A_W_25_26_en_text.txt,Catwalks__Men_s_Key_Items___Cut___Sew_A_W_25_26_en/Catwalks__Men_s_Key_Items___Cut___Sew_A_W_25_26_en_text.txt,"==================================================
PAGE 1
==========================================...",negative,0.988804280757904,0.988804280757904,0.01119571179151535
Catwalk_City_Analytics__New_York_Men_s_A_W_25_26_en_text.txt,Catwalk_City_Analytics__New_York_Men_s_A_W_25_26_en,extracted_content/Catwalk_City_Analytics__New_York_Men_s_A_W_25_26_en/Catwalk_City_Analytics__New_York_Men_s_A_W_25_26_en_text.txt,Catwalk_City_Analytics__New_York_Men_s_A_W_25_26_en/Catwalk_City_Analytics__New_York_Men_s_A_W_25_26_en_text.txt,"==================================================
PAGE 1
==========================================...",negative,0.9960028529167175,0.9960028529167175,0.003997188061475754
Catwalks__Women_s_Key_Items___Eyewear_A_W_25_26_en_text.txt,Catwalks__Women_s_Key_Items___Eyewear_A_W_25_26_en,extracted_content/Catwalks__Women_s_Key_Items___Eyewear_A_W_25_26_en/Catwalks__Women_s_Key_Items___Eyewear_A_W_25_26_en_text.txt,Catwalks__Women_s_Key_Items___Eyewear_A_W_25_26_en/Catwalks__Women_s_Key_Items___Eyewear_A_W_25_26_en_text.txt,"==================================================
PAGE 1
==========================================...",negative,0.9664745926856995,0.9664745926856995,0.03352542966604233
Collection_Review__Men_s_Key_Trends_A_W_24_25_en_text.txt,Collection_Review__Men_s_Key_Trends_A_W_24_25_en,extracted_content/Collection_Review__Men_s_Key_Trends_A_W_24_25_en/Collection_Review__Men_s_Key_Trends_A_W_24_25_en_text.txt,Collection_Review__Men_s_Key_Trends_A_W_24_25_en/Collection_Review__Men_s_Key_Trends_A_W_24_25_en_text.txt,"==================================================
PAGE 1
==========================================...",negative,0.9962732791900635,0.9962732791900635,0.00372678111307323
Catwalk_City_Analytics__London_Women_s_A_W_25_26_en_text.txt,Catwalk_City_Analytics__London_Women_s_A_W_25_26_en,extracted_content/Catwalk_City_Analytics__London_Women_s_A_W_25_26_en/Catwalk_City_Analytics__London_Women_s_A_W_25_26_en_text.txt,Catwalk_City_Analytics__London_Women_s_A_W_25_26_en/Catwalk_City_Analytics__London_Women_s_A_W_25_26_en_text.txt,"==================================================
PAGE 1
==========================================...",negative,0.9916492700576782,0.9916492700576782,0.008350742049515247
Catwalks__Men_s_Key_Items___Bags_A_W_25_26_en_text.txt,Catwalks__Men_s_Key_Items___Bags_A_W_25_26_en,extracted_content/Catwalks__Men_s_Key_Items___Bags_A_W_25_26_en/Catwalks__Men_s_Key_Items___Bags_A_W_25_26_en_text.txt,Catwalks__Men_s_Key_Items___Bags_A_W_25_26_en/Catwalks__Men_s_Key_Items___Bags_A_W_25_26_en_text.txt,"==================================================
PAGE 1
==========================================...",negative,0.9946290850639343,0.9946290850639343,0.00537096057087183
Collection_Review__Key_Items___Women_s_Skirts_A_W_24_25_en_text.txt,Collection_Review__Key_Items___Women_s_Skirts_A_W_24_25_en,extracted_content/Collection_Review__Key_Items___Women_s_Skirts_A_W_24_25_en/Collection_Review__Key_Items___Women_s_Skirts_A_W_24_25_en_text.txt,Collection_Review__Key_Items___Women_s_Skirts_A_W_24_25_en/Collection_Review__Key_Items___Women_s_Skirts_A_W_24_25_en_text.txt,"==================================================
PAGE 1
==========================================...",negative,0.9661622643470764,0.9661622643470764,0.03383772820234299
Catwalks__Men_s_Colour_A_W_25_26_en_text.txt,Catwalks__Men_s_Colour_A_W_25_26_en,extracted_content/Catwalks__Men_s_Colour_A_W_25_26_en/Catwalks__Men_s_Colour_A_W_25_26_en_text.txt,Catwalks__Men_s_Colour_A_W_25_26_en/Catwalks__Men_s_Colour_A_W_25_26_en_text.txt,"==================================================
PAGE 1
==========================================...",positive,0.9833811521530151,0.016618803143501282,0.9833811521530151
Catwalks__Men_s_Footwear_Key_Items___A_W_25_26_en_text.txt,Catwalks__Men_s_Footwear_Key_Items___A_W_25_26_en,extracted_content/Catwalks__Men_s_Footwear_Key_Items___A_W_25_26_en/Catwalks__Men_s_Footwear_Key_Items___A_W_25_26_en_text.txt,Catwalks__Men_s_Footwear_Key_Items___A_W_25_26_en/Catwalks__Men_s_Footwear_Key_Items___A_W_25_26_en_text.txt,"==================================================
PAGE 1
==========================================...",negative,0.7792032957077026,0.7792032957077026,0.22079671919345856
Collection_Review__Men_s_Colour_A_W_24_25_en_text.txt,Collection_Review__Men_s_Colour_A_W_24_25_en,extracted_content/Collection_Review__Men_s_Colour_A_W_24_25_en/Collection_Review__Men_s_Colour_A_W_24_25_en_text.txt,Collection_Review__Men_s_Colour_A_W_24_25_en/Collection_Review__Men_s_Colour_A_W_24_25_en_text.txt,"==================================================
PAGE 1
==========================================...",negative,0.9934404492378235,0.9934404492378235,0.006559533532708883
Catwalk_City_Analytics__Copenhagen_Women_s___Men_s_A_W_25_26_en_text.txt,Catwalk_City_Analytics__Copenhagen_Women_s___Men_s_A_W_25_26_en,extracted_content/Catwalk_City_Analytics__Copenhagen_Women_s___Men_s_A_W_25_26_en/Catwalk_City_Analytics__Copenhagen_Women_s___Men_s_A_W_25_26_en_text.txt,Catwalk_City_Analytics__Copenhagen_Women_s___Men_s_A_W_25_26_en/Catwalk_City_Analytics__Copenhagen_Women_s___Men_s_A_W_25_26_en_text.txt,"==================================================
PAGE 1
==========================================...",negative,0.994407057762146,0.994407057762146,0.005592918489128351
Catwalk_Analytics__Footwear___Accessories_A_W_25_26_en_text.txt,Catwalk_Analytics__Footwear___Accessories_A_W_25_26_en,extracted_content/Catwalk_Analytics__Footwear___Accessories_A_W_25_26_en/Catwalk_Analytics__Footwear___Accessories_A_W_25_26_en_text.txt,Catwalk_Analytics__Footwear___Accessories_A_W_25_26_en/Catwalk_Analytics__Footwear___Accessories_A_W_25_26_en_text.txt,"==================================================
PAGE 1
==========================================...",negative,0.5372368097305298,0.5372368097305298,0.462763249874115
Collection_Review__Women_s_Key_Trends_A_W_24_25_en_text.txt,Collection_Review__Women_s_Key_Trends_A_W_24_25_en,extracted_content/Collection_Review__Women_s_Key_Trends_A_W_24_25_en/Collection_Review__Women_s_Key_Trends_A_W_24_25_en_text.txt,Collection_Review__Women_s_Key_Trends_A_W_24_25_en/Collection_Review__Women_s_Key_Trends_A_W_24_25_en_text.txt,"==================================================
PAGE 1
==========================================...",negative,0.9963610768318176,0.9963610768318176,0.0036388777662068605
Collection_Review__Key_Items___Men_s_Trousers___Shorts_A_W_24_25_en_text.txt,Collection_Review__Key_Items___Men_s_Trousers___Shorts_A_W_24_25_en,extracted_content/Collection_Review__Key_Items___Men_s_Trousers___Shorts_A_W_24_25_en/Collection_Review__Key_Items___Men_s_Trousers___Shorts_A_W_24_25_en_text.txt,Collection_Review__Key_Items___Men_s_Trousers___Shorts_A_W_24_25_en/Collection_Review__Key_Items___Men_s_Trousers___Shorts_A_W_24_25_en_text.txt,"==================================================
PAGE 1
==========================================...",negative,0.9971416592597961,0.9971416592597961,0.0028582660015672445
Collection_Review__Key_Items___Women_s_Cut___Sew_A_W_24_25_en_text.txt,Collection_Review__Key_Items___Women_s_Cut___Sew_A_W_24_25_en,extracted_content/Collection_Review__Key_Items___Women_s_Cut___Sew_A_W_24_25_en/Collection_Review__Key_Items___Women_s_Cut___Sew_A_W_24_25_en_text.txt,Collection_Review__Key_Items___Women_s_Cut___Sew_A_W_24_25_en/Collection_Review__Key_Items___Women_s_Cut___Sew_A_W_24_25_en_text.txt,"==================================================
PAGE 1
==========================================...",positive,0.5816106796264648,0.41838932037353516,0.5816106796264648
Catwalks__Men_s_Prints___Graphics_A_W_25_26_en_text.txt,Catwalks__Men_s_Prints___Graphics_A_W_25_26_en,extracted_content/Catwalks__Men_s_Prints___Graphics_A_W_25_26_en/Catwalks__Men_s_Prints___Graphics_A_W_25_26_en_text.txt,Catwalks__Men_s_Prints___Graphics_A_W_25_26_en/Catwalks__Men_s_Prints___Graphics_A_W_25_26_en_text.txt,"==================================================
PAGE 1
==========================================...",negative,0.5990238785743713,0.5990238785743713,0.40097618103027344
Catwalks__Women_s_Key_Items___Cut___Sew_A_W_25_26_en_text.txt,Catwalks__Women_s_Key_Items___Cut___Sew_A_W_25_26_en,extracted_content/Catwalks__Women_s_Key_Items___Cut___Sew_A_W_25_26_en/Catwalks__Women_s_Key_Items___Cut___Sew_A_W_25_26_en_text.txt,Catwalks__Women_s_Key_Items___Cut___Sew_A_W_25_26_en/Catwalks__Women_s_Key_Items___Cut___Sew_A_W_25_26_en_text.txt,"==================================================
PAGE 1
==========================================...",positive,0.612939178943634,0.38706085085868835,0.612939178943634
Catwalk_Analytics__Topweights_A_W_25_26_en_text.txt,Catwalk_Analytics__Topweights_A_W_25_26_en,extracted_content/Catwalk_Analytics__Topweights_A_W_25_26_en/Catwalk_Analytics__Topweights_A_W_25_26_en_text.txt,Catwalk_Analytics__Topweights_A_W_25_26_en/Catwalk_Analytics__Topweights_A_W_25_26_en_text.txt,"==================================================
PAGE 1
==========================================...",negative,0.9896180033683777,0.9896180033683777,0.010381982661783695
Collection_Review__Men_s_Key_Items___Footwear_A_W_24_25_en_text.txt,Collection_Review__Men_s_Key_Items___Footwear_A_W_24_25_en,extracted_content/Collection_Review__Men_s_Key_Items___Footwear_A_W_24_25_en/Collection_Review__Men_s_Key_Items___Footwear_A_W_24_25_en_text.txt,Collection_Review__Men_s_Key_Items___Footwear_A_W_24_25_en/Collection_Review__Men_s_Key_Items___Footwear_A_W_24_25_en_text.txt,"==================================================
PAGE 1
==========================================...",negative,0.9873718023300171,0.9873718023300171,0.012628176249563694
Catwalk_Analytics__Dresses___Skirts_A_W_24_25_en_text.txt,Catwalk_Analytics__Dresses___Skirts_A_W_24_25_en,extracted_content/Catwalk_Analytics__Dresses___Skirts_A_W_24_25_en/Catwalk_Analytics__Dresses___Skirts_A_W_24_25_en_text.txt,Catwalk_Analytics__Dresses___Skirts_A_W_24_25_en/Catwalk_Analytics__Dresses___Skirts_A_W_24_25_en_text.txt,"==================================================
PAGE 1
==========================================...",negative,0.9960682392120361,0.9960682392120361,0.003931795712560415
Catwalk_Analytics__Trousers__Suits___Sets_A_W_24_25_en_text.txt,Catwalk_Analytics__Trousers__Suits___Sets_A_W_24_25_en,extracted_content/Catwalk_Analytics__Trousers__Suits___Sets_A_W_24_25_en/Catwalk_Analytics__Trousers__Suits___Sets_A_W_24_25_en_text.txt,Catwalk_Analytics__Trousers__Suits___Sets_A_W_24_25_en/Catwalk_Analytics__Trousers__Suits___Sets_A_W_24_25_en_text.txt,"==================================================
PAGE 1
==========================================...",negative,0.9893247485160828,0.9893247485160828,0.010675255209207535
Catwalks__Men_s_Key_Items___Knitwear_A_W_25_26_en_text.txt,Catwalks__Men_s_Key_Items___Knitwear_A_W_25_26_en,extracted_content/Catwalks__Men_s_Key_Items___Knitwear_A_W_25_26_en/Catwalks__Men_s_Key_Items___Knitwear_A_W_25_26_en_text.txt,Catwalks__Men_s_Key_Items___Knitwear_A_W_25_26_en/Catwalks__Men_s_Key_Items___Knitwear_A_W_25_26_en_text.txt,"==================================================
PAGE 1
==========================================...",negative,0.6861456632614136,0.6861456632614136,0.3138543367385864
Catwalks__Women_s_Stitch___Pattern_A_W_25_26_en_text.txt,Catwalks__Women_s_Stitch___Pattern_A_W_25_26_en,extracted_content/Catwalks__Women_s_Stitch___Pattern_A_W_25_26_en/Catwalks__Women_s_Stitch___Pattern_A_W_25_26_en_text.txt,Catwalks__Women_s_Stitch___Pattern_A_W_25_26_en/Catwalks__Women_s_Stitch___Pattern_A_W_25_26_en_text.txt,"==================================================
PAGE 1
==========================================...",negative,0.7633116245269775,0.7633116245269775,0.23668836057186127
Collection_Review__Men_s_Key_Textiles_A_W_24_25_en_text.txt,Collection_Review__Men_s_Key_Textiles_A_W_24_25_en,extracted_content/Collection_Review__Men_s_Key_Textiles_A_W_24_25_en/Collection_Review__Men_s_Key_Textiles_A_W_24_25_en_text.txt,Collection_Review__Men_s_Key_Textiles_A_W_24_25_en/Collection_Review__Men_s_Key_Textiles_A_W_24_25_en_text.txt,"==================================================
PAGE 1
==========================================...",negative,0.9929414987564087,0.9929414987564087,0.007058475632220507
Catwalks__Men_s_Key_Items___Soft_Accessories_A_W_25_26_en_text.txt,Catwalks__Men_s_Key_Items___Soft_Accessories_A_W_25_26_en,extracted_content/Catwalks__Men_s_Key_Items___Soft_Accessories_A_W_25_26_en/Catwalks__Men_s_Key_Items___Soft_Accessories_A_W_25_26_en_text.txt,Catwalks__Men_s_Key_Items___Soft_Accessories_A_W_25_26_en/Catwalks__Men_s_Key_Items___Soft_Accessories_A_W_25_26_en_text.txt,"==================================================
PAGE 1
==========================================...",negative,0.7354871034622192,0.7354871034622192,0.264512836933136
Collection_Review__Key_Items___Men_s_Shirts___Woven_Tops_A_W_24_25_en_text.txt,Collection_Review__Key_Items___Men_s_Shirts___Woven_Tops_A_W_24_25_en,extracted_content/Collection_Review__Key_Items___Men_s_Shirts___Woven_Tops_A_W_24_25_en/Collection_Review__Key_Items___Men_s_Shirts___Woven_Tops_A_W_24_25_en_text.txt,Collection_Review__Key_Items___Men_s_Shirts___Woven_Tops_A_W_24_25_en/Collection_Review__Key_Items___Men_s_Shirts___Woven_Tops_A_W_24_25_en_text.txt,"==================================================
PAGE 1
==========================================...",negative,0.9936347007751465,0.9936347007751465,0.006365334615111351
Collection_Review__Key_Items___Women_s_Trousers___Shorts_A_W_24_25_en_text.txt,Collection_Review__Key_Items___Women_s_Trousers___Shorts_A_W_24_25_en,extracted_content/Collection_Review__Key_Items___Women_s_Trousers___Shorts_A_W_24_25_en/Collection_Review__Key_Items___Women_s_Trousers___Shorts_A_W_24_25_en_text.txt,Collection_Review__Key_Items___Women_s_Trousers___Shorts_A_W_24_25_en/Collection_Review__Key_Items___Women_s_Trousers___Shorts_A_W_24_25_en_text.txt,"==================================================
PAGE 1
==========================================...",negative,0.937511146068573,0.937511146068573,0.062488850206136703
Catwalk_Analytics__Trousers__Suits___Sets_A_W_25_26_en_text.txt,Catwalk_Analytics__Trousers__Suits___Sets_A_W_25_26_en,extracted_content/Catwalk_Analytics__Trousers__Suits___Sets_A_W_25_26_en/Catwalk_Analytics__Trousers__Suits___Sets_A_W_25_26_en_text.txt,Catwalk_Analytics__Trousers__Suits___Sets_A_W_25_26_en/Catwalk_Analytics__Trousers__Suits___Sets_A_W_25_26_en_text.txt,"==================================================
PAGE 1
==========================================...",negative,0.9971998929977417,0.9971998929977417,0.0028001118917018175
Collection_Review__Key_Items___Men_s_Cut___Sew_A_W_24_25_en_text.txt,Collection_Review__Key_Items___Men_s_Cut___Sew_A_W_24_25_en,extracted_content/Collection_Review__Key_Items___Men_s_Cut___Sew_A_W_24_25_en/Collection_Review__Key_Items___Men_s_Cut___Sew_A_W_24_25_en_text.txt,Collection_Review__Key_Items___Men_s_Cut___Sew_A_W_24_25_en/Collection_Review__Key_Items___Men_s_Cut___Sew_A_W_24_25_en_text.txt,"==================================================
PAGE 1
==========================================...",negative,0.9616721868515015,0.9616721868515015,0.03832775354385376
Collection_Review__Women_s_Knit___Stitch_A_W_24_25_en_text.txt,Collection_Review__Women_s_Knit___Stitch_A_W_24_25_en,extracted_content/Collection_Review__Women_s_Knit___Stitch_A_W_24_25_en/Collection_Review__Women_s_Knit___Stitch_A_W_24_25_en_text.txt,Collection_Review__Women_s_Knit___Stitch_A_W_24_25_en/Collection_Review__Women_s_Knit___Stitch_A_W_24_25_en_text.txt,"==================================================
PAGE 1
==========================================...",negative,0.996916651725769,0.996916651725769,0.0030832963529974222
Catwalk_Analytics__Dresses___Skirts_A_W_25_26_en_text.txt,Catwalk_Analytics__Dresses___Skirts_A_W_25_26_en,extracted_content/Catwalk_Analytics__Dresses___Skirts_A_W_25_26_en/Catwalk_Analytics__Dresses___Skirts_A_W_25_26_en_text.txt,Catwalk_Analytics__Dresses___Skirts_A_W_25_26_en/Catwalk_Analytics__Dresses___Skirts_A_W_25_26_en_text.txt,"==================================================
PAGE 1
==========================================...",negative,0.9973311424255371,0.9973311424255371,0.002668888308107853
Catwalk_Analytics__Jackets___Coats_A_W_24_25_en_text.txt,Catwalk_Analytics__Jackets___Coats_A_W_24_25_en,extracted_content/Catwalk_Analytics__Jackets___Coats_A_W_24_25_en/Catwalk_Analytics__Jackets___Coats_A_W_24_25_en_text.txt,Catwalk_Analytics__Jackets___Coats_A_W_24_25_en/Catwalk_Analytics__Jackets___Coats_A_W_24_25_en_text.txt,"==================================================
PAGE 1
==========================================...",negative,0.9961212277412415,0.9961212277412415,0.0038787906523793936
Collection_Review__Men_s_Key_Items___Soft_Accessories_A_W_24_25_en_text.txt,Collection_Review__Men_s_Key_Items___Soft_Accessories_A_W_24_25_en,extracted_content/Collection_Review__Men_s_Key_Items___Soft_Accessories_A_W_24_25_en/Collection_Review__Men_s_Key_Items___Soft_Accessories_A_W_24_25_en_text.txt,Collection_Review__Men_s_Key_Items___Soft_Accessories_A_W_24_25_en/Collection_Review__Men_s_Key_Items___Soft_Accessories_A_W_24_25_en_text.txt,"==================================================
PAGE 1
==========================================...",negative,0.9922415018081665,0.9922415018081665,0.007758568972349167
Catwalk_Analytics__Action_Points_A_W_25_26_en_text.txt,Catwalk_Analytics__Action_Points_A_W_25_26_en,extracted_content/Catwalk_Analytics__Action_Points_A_W_25_26_en/Catwalk_Analytics__Action_Points_A_W_25_26_en_text.txt,Catwalk_Analytics__Action_Points_A_W_25_26_en/Catwalk_Analytics__Action_Points_A_W_25_26_en_text.txt,"==================================================
PAGE 1
==========================================...",negative,0.9882363677024841,0.9882363677024841,0.01176364254206419
Catwalk_Analytics_A_W_24_25__Denim_en_text.txt,Catwalk_Analytics_A_W_24_25__Denim_en,extracted_content/Catwalk_Analytics_A_W_24_25__Denim_en/Catwalk_Analytics_A_W_24_25__Denim_en_text.txt,Catwalk_Analytics_A_W_24_25__Denim_en/Catwalk_Analytics_A_W_24_25__Denim_en_text.txt,"==================================================
PAGE 1
==========================================...",negative,0.9963474869728088,0.9963474869728088,0.0036525041796267033
New_York_Men_s_Fashion_Week__Need_to_Know_A_W_24_25_en_text.txt,New_York_Men_s_Fashion_Week__Need_to_Know_A_W_24_25_en,extracted_content/New_York_Men_s_Fashion_Week__Need_to_Know_A_W_24_25_en/New_York_Men_s_Fashion_Week__Need_to_Know_A_W_24_25_en_text.txt,New_York_Men_s_Fashion_Week__Need_to_Know_A_W_24_25_en/New_York_Men_s_Fashion_Week__Need_to_Know_A_W_24_25_en_text.txt,"==================================================
PAGE 1
==========================================...",negative,0.997919499874115,0.997919499874115,0.0020804794039577246
Collection_Review__Women_s_Prints___Graphics_A_W_24_25_en_text.txt,Collection_Review__Women_s_Prints___Graphics_A_W_24_25_en,extracted_content/Collection_Review__Women_s_Prints___Graphics_A_W_24_25_en/Collection_Review__Women_s_Prints___Graphics_A_W_24_25_en_text.txt,Collection_Review__Women_s_Prints___Graphics_A_W_24_25_en/Collection_Review__Women_s_Prints___Graphics_A_W_24_25_en_text.txt,"==================================================
PAGE 1
==========================================...",negative,0.9949749708175659,0.9949749708175659,0.005025019869208336
Catwalks__Women_s_Key_Items___Soft_Accessories_A_W_25_26_en_text.txt,Catwalks__Women_s_Key_Items___Soft_Accessories_A_W_25_26_en,extracted_content/Catwalks__Women_s_Key_Items___Soft_Accessories_A_W_25_26_en/Catwalks__Women_s_Key_Items___Soft_Accessories_A_W_25_26_en_text.txt,Catwalks__Women_s_Key_Items___Soft_Accessories_A_W_25_26_en/Catwalks__Women_s_Key_Items___Soft_Accessories_A_W_25_26_en_text.txt,"==================================================
PAGE 1
==========================================...",negative,0.9945229291915894,0.9945229291915894,0.005477102939039469
Catwalks__Women_s_Key_Items___Trousers___Shorts_A_W_25_26_en_text.txt,Catwalks__Women_s_Key_Items___Trousers___Shorts_A_W_25_26_en,extracted_content/Catwalks__Women_s_Key_Items___Trousers___Shorts_A_W_25_26_en/Catwalks__Women_s_Key_Items___Trousers___Shorts_A_W_25_26_en_text.txt,Catwalks__Women_s_Key_Items___Trousers___Shorts_A_W_25_26_en/Catwalks__Women_s_Key_Items___Trousers___Shorts_A_W_25_26_en_text.txt,"==================================================
PAGE 1
==========================================...",negative,0.9754437208175659,0.9754437208175659,0.02455625683069229
Collection_Review__Key_Items___Men_s_Knitwear_A_W_24_25_en_text.txt,Collection_Review__Key_Items___Men_s_Knitwear_A_W_24_25_en,extracted_content/Collection_Review__Key_Items___Men_s_Knitwear_A_W_24_25_en/Collection_Review__Key_Items___Men_s_Knitwear_A_W_24_25_en_text.txt,Collection_Review__Key_Items___Men_s_Knitwear_A_W_24_25_en/Collection_Review__Key_Items___Men_s_Knitwear_A_W_24_25_en_text.txt,"==================================================
PAGE 1
==========================================...",negative,0.9902814626693726,0.9902814626693726,0.009718512184917927
Collection_Review__Key_Items___Women_s_Dresses_A_W_24_25_en_text.txt,Collection_Review__Key_Items___Women_s_Dresses_A_W_24_25_en,extracted_content/Collection_Review__Key_Items___Women_s_Dresses_A_W_24_25_en/Collection_Review__Key_Items___Women_s_Dresses_A_W_24_25_en_text.txt,Collection_Review__Key_Items___Women_s_Dresses_A_W_24_25_en/Collection_Review__Key_Items___Women_s_Dresses_A_W_24_25_en_text.txt,"==================================================
PAGE 1
==========================================...",negative,0.843411922454834,0.843411922454834,0.15658806264400482
Catwalks__Key_Items___Swim___Resort_A_W_25_26_en_text.txt,Catwalks__Key_Items___Swim___Resort_A_W_25_26_en,extracted_content/Catwalks__Key_Items___Swim___Resort_A_W_25_26_en/Catwalks__Key_Items___Swim___Resort_A_W_25_26_en_text.txt,Catwalks__Key_Items___Swim___Resort_A_W_25_26_en/Catwalks__Key_Items___Swim___Resort_A_W_25_26_en_text.txt,"==================================================
PAGE 1
==========================================...",positive,0.6790520548820496,0.32094788551330566,0.6790520548820496
Youth_Catwalks_Need_to_Know__A_W_24_25_en_text.txt,Youth_Catwalks_Need_to_Know__A_W_24_25_en,extracted_content/Youth_Catwalks_Need_to_Know__A_W_24_25_en/Youth_Catwalks_Need_to_Know__A_W_24_25_en_text.txt,Youth_Catwalks_Need_to_Know__A_W_24_25_en/Youth_Catwalks_Need_to_Know__A_W_24_25_en_text.txt,"==================================================
PAGE 1
==========================================...",negative,0.9955784678459167,0.9955784678459167,0.0044214753434062
Catwalks__Men_s_Key_Items___Denim_A_W_25_26_en_text.txt,Catwalks__Men_s_Key_Items___Denim_A_W_25_26_en,extracted_content/Catwalks__Men_s_Key_Items___Denim_A_W_25_26_en/Catwalks__Men_s_Key_Items___Denim_A_W_25_26_en_text.txt,Catwalks__Men_s_Key_Items___Denim_A_W_25_26_en/Catwalks__Men_s_Key_Items___Denim_A_W_25_26_en_text.txt,"==================================================
PAGE 1
==========================================...",negative,0.9914905428886414,0.9914905428886414,0.008509485051035881
Copenhagen_Fashion_Week_Need_to_Know__A_W_24_25_en_text.txt,Copenhagen_Fashion_Week_Need_to_Know__A_W_24_25_en,extracted_content/Copenhagen_Fashion_Week_Need_to_Know__A_W_24_25_en/Copenhagen_Fashion_Week_Need_to_Know__A_W_24_25_en_text.txt,Copenhagen_Fashion_Week_Need_to_Know__A_W_24_25_en/Copenhagen_Fashion_Week_Need_to_Know__A_W_24_25_en_text.txt,"==================================================
PAGE 1
==========================================...",negative,0.9955140948295593,0.9955140948295593,0.004485949873924255
Collection_Review__Key_Items___Men_s_Jewellery_A_W_24_25_en_text.txt,Collection_Review__Key_Items___Men_s_Jewellery_A_W_24_25_en,extracted_content/Collection_Review__Key_Items___Men_s_Jewellery_A_W_24_25_en/Collection_Review__Key_Items___Men_s_Jewellery_A_W_24_25_en_text.txt,Collection_Review__Key_Items___Men_s_Jewellery_A_W_24_25_en/Collection_Review__Key_Items___Men_s_Jewellery_A_W_24_25_en_text.txt,"==================================================
PAGE 1
==========================================...",negative,0.7294497489929199,0.7294497489929199,0.2705501914024353
Collection_Review__Key_Items___Women_s_Bags_A_W_24_25_en_text.txt,Collection_Review__Key_Items___Women_s_Bags_A_W_24_25_en,extracted_content/Collection_Review__Key_Items___Women_s_Bags_A_W_24_25_en/Collection_Review__Key_Items___Women_s_Bags_A_W_24_25_en_text.txt,Collection_Review__Key_Items___Women_s_Bags_A_W_24_25_en/Collection_Review__Key_Items___Women_s_Bags_A_W_24_25_en_text.txt,"==================================================
PAGE 1
==========================================...",negative,0.992021381855011,0.992021381855011,0.007978660054504871
Catwalks__Women_s_Denim_Wash___Finish_A_W_25_26_en_text.txt,Catwalks__Women_s_Denim_Wash___Finish_A_W_25_26_en,extracted_content/Catwalks__Women_s_Denim_Wash___Finish_A_W_25_26_en/Catwalks__Women_s_Denim_Wash___Finish_A_W_25_26_en_text.txt,Catwalks__Women_s_Denim_Wash___Finish_A_W_25_26_en/Catwalks__Women_s_Denim_Wash___Finish_A_W_25_26_en_text.txt,"==================================================
PAGE 1
==========================================...",negative,0.8899368643760681,0.8899368643760681,0.11006312072277069
Catwalk_City_Analytics__Milan_Men_s_A_W_25_26_en_text.txt,Catwalk_City_Analytics__Milan_Men_s_A_W_25_26_en,extracted_content/Catwalk_City_Analytics__Milan_Men_s_A_W_25_26_en/Catwalk_City_Analytics__Milan_Men_s_A_W_25_26_en_text.txt,Catwalk_City_Analytics__Milan_Men_s_A_W_25_26_en/Catwalk_City_Analytics__Milan_Men_s_A_W_25_26_en_text.txt,"==================================================
PAGE 1
==========================================...",positive,0.5049665570259094,0.49503353238105774,0.5049665570259094
